{"Aken an der Elbe":{"count":1,"posts":["/post/40/"],"sameAs":"Q417336","termTitle":"Aken (Elbe)","translations":{"de":"Aken an der Elbe","en":"Aken an der Elbe"},"url":"/tags/aken-an-der-elbe"},"Amsterdam":{"count":1,"posts":["/post/22/"],"sameAs":"Q727","termTitle":"Amsterdam","translations":{"de":"Amsterdam","en":"Amsterdam"},"url":"/tags/amsterdam"},"Augsburg":{"count":1,"posts":["/post/119/"],"sameAs":"Q2749","termTitle":"Augsburg","translations":{"de":"Augsburg","en":"Augsburg"},"url":"/tags/augsburg"},"Bad Mergentheim":{"count":1,"posts":["/post/88/"],"sameAs":"Q61942","termTitle":"Bad Mergentheim","translations":{"de":"Bad Mergentheim","en":"Bad Mergentheim"},"url":"/tags/bad-mergentheim"},"Bad Nauheim":{"count":1,"posts":["/post/72/"],"sameAs":"Q16105","termTitle":"Bad Nauheim","translations":{"de":"Bad Nauheim","en":"Bad Nauheim"},"url":"/tags/bad-nauheim"},"Bederkesa":{"count":1,"posts":["/post/96/"],"sameAs":"Q509084","termTitle":"Bad Bederkesa","translations":{"de":"Bederkesa","en":"Bederkesa"},"url":"/tags/bederkesa"},"Beidseitig":{"count":25,"posts":["/post/79/","/post/153/","/post/68/","/post/69/","/post/150/","/post/50/","/post/56/","/post/35/","/post/61/","/post/151/","/post/157/","/post/59/","/post/156/","/post/155/","/post/152/","/post/11/","/post/19/","/post/45/","/post/29/","/post/126/","/post/64/","/post/44/","/post/63/","/post/67/","/post/16/"],"sameAs":"","termTitle":"Beidseitig","translations":{"de":"Beidseitig","en":"Beidseitig"},"url":"/tags/beidseitig"},"Bekleidungsgeschäft":{"count":56,"posts":["/post/79/","/post/51/","/post/134/","/post/82/","/post/162/","/post/84/","/post/68/","/post/2/","/post/1/","/post/74/","/post/104/","/post/69/","/post/47/","/post/65/","/post/154/","/post/161/","/post/77/","/post/15/","/post/35/","/post/149/","/post/121/","/post/61/","/post/95/","/post/71/","/post/59/","/post/143/","/post/10/","/post/106/","/post/91/","/post/58/","/post/24/","/post/123/","/post/156/","/post/155/","/post/73/","/post/60/","/post/117/","/post/122/","/post/97/","/post/93/","/post/115/","/post/83/","/post/46/","/post/43/","/post/132/","/post/127/","/post/107/","/post/92/","/post/45/","/post/88/","/post/99/","/post/20/","/post/7/","/post/87/","/post/141/","/post/142/"],"sameAs":"Q2090555","tagPath":"/tags/bekleidungsgeschäft","termTitle":"Bekleidungsgeschäft","translations":{"de":"Bekleidungsgeschäft","en":"Bekleidungsgeschäft"},"url":"/tags/bekleidungsgesch%C3%A4ft"},"Berlin":{"count":4,"posts":["/post/35/","/post/66/","/post/144/","/post/75/"],"sameAs":"Q64","termTitle":"Berlin","translations":{"de":"Berlin","en":"Berlin"},"url":"/tags/berlin"},"Braunschweig":{"count":4,"posts":["/post/74/","/post/104/","/post/143/","/post/156/"],"sameAs":"Q2773","termTitle":"Braunschweig","translations":{"de":"Braunschweig","en":"Braunschweig"},"url":"/tags/braunschweig"},"Bremen":{"count":1,"posts":["/post/25/"],"sameAs":"Q24879","termTitle":"Bremen","translations":{"de":"Bremen","en":"Bremen"},"url":"/tags/bremen"},"Bremerhaven":{"count":5,"posts":["/post/102/","/post/114/","/post/60/","/post/97/","/post/87/"],"sameAs":"Q2706","termTitle":"Bremerhaven","translations":{"de":"Bremerhaven","en":"Bremerhaven"},"url":"/tags/bremerhaven"},"Brenninkmayer":{"count":2,"posts":["/post/79/","/post/47/"],"sameAs":"Q701338","termTitle":"C\u0026A (Brenninkmayer)","translations":{"de":"Brenninkmayer","en":"Brenninkmayer"},"url":"/tags/brenninkmayer"},"Brüssel":{"count":1,"posts":["/post/116/"],"sameAs":"Q239","tagPath":"/tags/brüssel","termTitle":"Brüssel","translations":{"de":"Brüssel","en":"Brüssel"},"url":"/tags/br%C3%BCssel"},"Buxtehude":{"count":1,"posts":["/post/95/"],"sameAs":"Q14868","termTitle":"Buxtehude","translations":{"de":"Buxtehude","en":"Buxtehude"},"url":"/tags/buxtehude"},"C\u0026A":{"count":2,"definitionMissing":true,"posts":["/post/79/","/post/47/"],"sameAs":"","termTitle":"","translations":{"de":"C\u0026A","en":"C\u0026A"},"url":"/tags/ca"},"C. Louis Weber":{"count":1,"posts":["/post/65/"],"sameAs":"","termTitle":"C. Louis Weber","translations":{"de":"C. Louis Weber","en":"C. Louis Weber"},"url":"/tags/c.-louis-weber"},"Cloppenburg":{"count":2,"posts":["/post/56/","/post/154/"],"sameAs":"Q2066959","termTitle":"Cloppenburg","translations":{"de":"Cloppenburg","en":"Cloppenburg"},"url":"/tags/cloppenburg"},"Cuxhaven":{"count":2,"posts":["/post/102/","/post/127/"],"sameAs":"Q4197","termTitle":"Cuxhaven","translations":{"de":"Cuxhaven","en":"Cuxhaven"},"url":"/tags/cuxhaven"},"Darmstadt":{"count":1,"posts":["/post/49/"],"sameAs":"Q2973","termTitle":"Darmstadt","translations":{"de":"Darmstadt","en":"Darmstadt"},"url":"/tags/darmstadt"},"Delmenhorst":{"count":1,"posts":["/post/106/"],"sameAs":"Q3907","termTitle":"Delmenhorst","translations":{"de":"Delmenhorst","en":"Delmenhorst"},"url":"/tags/delmenhorst"},"Dortmund":{"count":1,"posts":["/post/59/"],"sameAs":"Q1295","termTitle":"Dortmund","translations":{"de":"Dortmund","en":"Dortmund"},"url":"/tags/dortmund"},"Dorum":{"count":1,"posts":["/post/96/"],"sameAs":"Q664811","termTitle":"Dorum","translations":{"de":"Dorum","en":"Dorum"},"url":"/tags/dorum"},"Einbeck":{"count":1,"posts":["/post/161/"],"sameAs":"Q47244","termTitle":"Einbeck","translations":{"de":"Einbeck","en":"Einbeck"},"url":"/tags/einbeck"},"Emden":{"count":1,"posts":["/post/13/"],"sameAs":"Q4174","termTitle":"Emden","translations":{"de":"Emden","en":"Emden"},"url":"/tags/emden"},"Erdmann":{"count":2,"posts":["/post/149/","/post/121/"],"sameAs":"Q1616294","termTitle":"Erdmann","translations":{"de":"Erdmann","en":"Erdmann"},"url":"/tags/erdmann"},"Essen":{"count":1,"posts":["/post/90/"],"sameAs":"Q2066","termTitle":"Essen","translations":{"de":"Essen","en":"Essen"},"url":"/tags/essen"},"Fahning":{"count":1,"posts":["/post/48/"],"sameAs":"","termTitle":"Fahning","translations":{"de":"Fahning","en":"Fahning"},"url":"/tags/fahning"},"Flebbe":{"count":2,"posts":["/post/143/","/post/156/"],"sameAs":"Q118205776","termTitle":"Flebbe","translations":{"de":"Flebbe","en":"Flebbe"},"url":"/tags/flebbe"},"Flensburg":{"count":1,"posts":["/post/83/"],"sameAs":"Q3798","termTitle":"Flensburg","translations":{"de":"Flensburg","en":"Flensburg"},"url":"/tags/flensburg"},"Frankfurt":{"count":1,"posts":["/post/52/"],"sameAs":"Q1794","termTitle":"Frankfurt (Main)","translations":{"de":"Frankfurt","en":"Frankfurt"},"url":"/tags/frankfurt"},"Färberei":{"count":5,"posts":["/post/128/","/post/151/","/post/157/","/post/18/","/post/109/"],"sameAs":"Q67164479","tagPath":"/tags/färberei","termTitle":"Färberei","translations":{"de":"Färberei","en":"Färberei"},"url":"/tags/f%C3%A4rberei"},"Gaststätte":{"count":1,"posts":["/post/145/"],"sameAs":"Q11707","tagPath":"/tags/gaststätte","termTitle":"Gaststätte","translations":{"de":"Gaststätte","en":"Gaststätte"},"url":"/tags/gastst%C3%A4tte"},"Gelsenkirchen":{"count":1,"posts":["/post/101/"],"sameAs":"Q2765","termTitle":"Gelsenkirchen","translations":{"de":"Gelsenkirchen","en":"Gelsenkirchen"},"url":"/tags/gelsenkirchen"},"Grömitz":{"count":1,"posts":["/post/89/"],"sameAs":"Q541739","tagPath":"/tags/grömitz","termTitle":"Grömitz","translations":{"de":"Grömitz","en":"Grömitz"},"url":"/tags/gr%C3%B6mitz"},"Göttingen":{"count":15,"posts":["/post/1/","/post/15/","/post/61/","/post/10/","/post/125/","/post/12/","/post/9/","/post/11/","/post/28/","/post/33/","/post/7/","/post/27/","/post/5/","/post/160/","/post/42/"],"sameAs":"Q3033","tagPath":"/tags/göttingen","termTitle":"Göttingen","translations":{"de":"Göttingen","en":"Göttingen"},"url":"/tags/g%C3%B6ttingen"},"Hagen":{"count":1,"posts":["/post/59/"],"sameAs":"Q2871","termTitle":"Hagen","translations":{"de":"Hagen","en":"Hagen"},"url":"/tags/hagen"},"Halle (Saale)":{"count":2,"posts":["/post/26/","/post/53/"],"sameAs":"Q2814","termTitle":"Halle an der Saale","translations":{"de":"Halle (Saale)","en":"Halle (Saale)"},"url":"/tags/halle-saale"},"Hamburg":{"count":4,"posts":["/post/48/","/post/73/","/post/105/","/post/67/"],"sameAs":"Q1055","termTitle":"Hamburg","translations":{"de":"Hamburg","en":"Hamburg"},"url":"/tags/hamburg"},"Hannover":{"count":7,"posts":["/post/82/","/post/65/","/post/149/","/post/121/","/post/128/","/post/85/","/post/115/"],"sameAs":"Q1715","termTitle":"Hannover","translations":{"de":"Hannover","en":"Hannover"},"url":"/tags/hannover"},"Heide":{"count":2,"posts":["/post/137/","/post/142/"],"sameAs":"Q492322","termTitle":"Heide","translations":{"de":"Heide","en":"Heide"},"url":"/tags/heide"},"Heiligenstadt":{"count":1,"posts":["/post/38/"],"sameAs":"Q564765","termTitle":"Heilbad Heiligenstadt","translations":{"de":"Heiligenstadt","en":"Heiligenstadt"},"url":"/tags/heiligenstadt"},"Helmstedt":{"count":2,"posts":["/post/103/","/post/94/"],"sameAs":"Q486562","termTitle":"Helmstedt","translations":{"de":"Helmstedt","en":"Helmstedt"},"url":"/tags/helmstedt"},"Herford":{"count":1,"posts":["/post/18/"],"sameAs":"Q3971","termTitle":"Herford","translations":{"de":"Herford","en":"Herford"},"url":"/tags/herford"},"Hertie":{"count":2,"posts":["/post/129/","/post/31/"],"sameAs":"Q1614727","termTitle":"Hertie","translations":{"de":"Hertie","en":"Hertie"},"url":"/tags/hertie"},"Hettlage":{"count":5,"posts":["/post/134/","/post/59/","/post/12/","/post/57/","/post/118/"],"sameAs":"Q1616294","termTitle":"Hettlage","translations":{"de":"Hettlage","en":"Hettlage"},"url":"/tags/hettlage"},"Hildesheim":{"count":1,"posts":["/post/76/"],"sameAs":"Q3185","termTitle":"Hildesheim","translations":{"de":"Hildesheim","en":"Hildesheim"},"url":"/tags/hildesheim"},"Hosenbügel":{"count":1,"posts":["/post/23/"],"sameAs":"","tagPath":"/tags/hosenbügel","termTitle":"Hosenbügel","translations":{"de":"Hosenbügel","en":"Hosenbügel"},"url":"/tags/hosenb%C3%BCgel"},"Hotel":{"count":8,"posts":["/post/139/","/post/125/","/post/66/","/post/70/","/post/6/","/post/89/","/post/103/","/post/86/"],"sameAs":"Q27686","termTitle":"Hotel","translations":{"de":"Hotel","en":"Hotel"},"url":"/tags/hotel"},"Höxter":{"count":1,"posts":["/post/123/"],"sameAs":"Q16107","tagPath":"/tags/höxter","termTitle":"Höxter","translations":{"de":"Höxter","en":"Höxter"},"url":"/tags/h%C3%B6xter"},"Jülich":{"count":1,"posts":["/post/2/"],"sameAs":"Q16045","tagPath":"/tags/jülich","termTitle":"Jülich","translations":{"de":"Jülich","en":"Jülich"},"url":"/tags/j%C3%BClich"},"Kamienna Góra":{"count":1,"posts":["/post/24/"],"sameAs":"Q219110","tagPath":"/tags/kamienna-góra","termTitle":"Kamienna Góra / Landeshut","translations":{"de":"Kamienna Góra","en":"Kamienna Góra"},"url":"/tags/kamienna-g%C3%B3ra"},"Karlsruhe":{"count":1,"posts":["/post/34/"],"sameAs":"Q1040","termTitle":"Karlsruhe","translations":{"de":"Karlsruhe","en":"Karlsruhe"},"url":"/tags/karlsruhe"},"Karstadt":{"count":5,"posts":["/post/4/","/post/11/","/post/28/","/post/19/","/post/27/"],"sameAs":"Q182910","termTitle":"Karstadt","translations":{"de":"Karstadt","en":"Karstadt"},"url":"/tags/karstadt"},"Kassel":{"count":3,"posts":["/post/117/","/post/46/","/post/45/"],"sameAs":"Q2865","termTitle":"Kassel","translations":{"de":"Kassel","en":"Kassel"},"url":"/tags/kassel"},"Kaufhof":{"count":1,"posts":["/post/131/"],"sameAs":"Q322598","termTitle":"Kaufhof","translations":{"de":"Kaufhof","en":"Kaufhof"},"url":"/tags/kaufhof"},"Ketelsen":{"count":4,"posts":["/post/102/","/post/114/","/post/122/","/post/97/"],"sameAs":"","termTitle":"Ketelsen","translations":{"de":"Ketelsen","en":"Ketelsen"},"url":"/tags/ketelsen"},"Kinderbügel":{"count":2,"posts":["/post/148/","/post/29/"],"sameAs":"","tagPath":"/tags/kinderbügel","termTitle":"Kinderbügel","translations":{"de":"Kinderbügel","en":"Kinderbügel"},"url":"/tags/kinderb%C3%BCgel"},"Klammern":{"count":5,"posts":["/post/36/","/post/41/","/post/144/","/post/14/","/post/136/"],"sameAs":"Q267290","termTitle":"Klammern","translations":{"de":"Klammern","en":"Klammern"},"url":"/tags/klammern"},"Klinik":{"count":1,"posts":["/post/72/"],"sameAs":"Q1774898","termTitle":"Klinik","translations":{"de":"Klinik","en":"Klinik"},"url":"/tags/klinik"},"Köln":{"count":1,"posts":["/post/108/"],"sameAs":"Q365","tagPath":"/tags/köln","termTitle":"Köln","translations":{"de":"Köln","en":"Köln"},"url":"/tags/k%C3%B6ln"},"Landeshut":{"count":1,"definitionMissing":true,"posts":["/post/24/"],"sameAs":"","termTitle":"Landeshut","translations":{"de":"Landeshut","en":"Landeshut"},"url":"/tags/landeshut"},"Lüneburg":{"count":1,"posts":["/post/109/"],"sameAs":"Q3920","tagPath":"/tags/lüneburg","termTitle":"Lüneburg","translations":{"de":"Lüneburg","en":"Lüneburg"},"url":"/tags/l%C3%BCneburg"},"Mainz":{"count":1,"posts":["/post/84/"],"sameAs":"Q1720","termTitle":"Mainz","translations":{"de":"Mainz","en":"Mainz"},"url":"/tags/mainz"},"Material: Holz":{"count":152,"posts":["/post/79/","/post/120/","/post/51/","/post/36/","/post/134/","/post/80/","/post/153/","/post/82/","/post/78/","/post/162/","/post/3/","/post/37/","/post/139/","/post/84/","/post/68/","/post/2/","/post/1/","/post/74/","/post/13/","/post/104/","/post/69/","/post/102/","/post/114/","/post/98/","/post/32/","/post/17/","/post/47/","/post/65/","/post/150/","/post/159/","/post/50/","/post/90/","/post/146/","/post/56/","/post/154/","/post/161/","/post/77/","/post/148/","/post/15/","/post/96/","/post/35/","/post/30/","/post/149/","/post/121/","/post/61/","/post/95/","/post/71/","/post/128/","/post/151/","/post/157/","/post/18/","/post/59/","/post/143/","/post/10/","/post/106/","/post/48/","/post/91/","/post/163/","/post/40/","/post/125/","/post/52/","/post/39/","/post/4/","/post/12/","/post/8/","/post/58/","/post/119/","/post/26/","/post/24/","/post/137/","/post/123/","/post/156/","/post/129/","/post/31/","/post/57/","/post/66/","/post/70/","/post/6/","/post/89/","/post/103/","/post/86/","/post/155/","/post/73/","/post/41/","/post/60/","/post/9/","/post/152/","/post/11/","/post/117/","/post/38/","/post/131/","/post/122/","/post/97/","/post/72/","/post/93/","/post/28/","/post/109/","/post/105/","/post/85/","/post/115/","/post/21/","/post/144/","/post/83/","/post/46/","/post/43/","/post/132/","/post/127/","/post/101/","/post/53/","/post/107/","/post/19/","/post/92/","/post/45/","/post/88/","/post/99/","/post/34/","/post/33/","/post/135/","/post/55/","/post/54/","/post/116/","/post/118/","/post/110/","/post/20/","/post/7/","/post/25/","/post/27/","/post/108/","/post/87/","/post/76/","/post/126/","/post/22/","/post/113/","/post/49/","/post/141/","/post/75/","/post/44/","/post/23/","/post/14/","/post/136/","/post/133/","/post/138/","/post/67/","/post/5/","/post/94/","/post/160/","/post/42/","/post/145/","/post/130/","/post/142/","/post/111/","/post/16/"],"sameAs":"Q287","termTitle":"Holz","translations":{"de":"Material: Holz","en":"Material: Holz"},"url":"/tags/material-holz"},"Material: Metall":{"count":6,"posts":["/post/36/","/post/41/","/post/62/","/post/55/","/post/14/","/post/136/"],"sameAs":"Q11426","termTitle":"Metall","translations":{"de":"Material: Metall","en":"Material: Metall"},"url":"/tags/material-metall"},"Material: Plastik":{"count":10,"posts":["/post/158/","/post/140/","/post/124/","/post/112/","/post/100/","/post/81/","/post/29/","/post/147/","/post/64/","/post/63/"],"sameAs":"Q11474","termTitle":"Plastik","translations":{"de":"Material: Plastik","en":"Material: Plastik"},"url":"/tags/material-plastik"},"Material: Stoff":{"count":1,"posts":["/post/62/"],"sameAs":"Q28823","termTitle":"Stoff","translations":{"de":"Material: Stoff","en":"Material: Stoff"},"url":"/tags/material-stoff"},"Merseburg":{"count":1,"posts":["/post/39/"],"sameAs":"Q14945","termTitle":"Merseburg","translations":{"de":"Merseburg","en":"Merseburg"},"url":"/tags/merseburg"},"Möller \u0026 Schade":{"count":1,"posts":["/post/127/"],"sameAs":"","tagPath":"/tags/möller-schade","termTitle":"Möller \u0026 Schade","translations":{"de":"Möller \u0026 Schade","en":"Möller \u0026 Schade"},"url":"/tags/m%C3%B6ller-schade"},"Mönchengladbach":{"count":1,"posts":["/post/118/"],"sameAs":"Q2758","tagPath":"/tags/mönchengladbach","termTitle":"Mönchengladbach","translations":{"de":"Mönchengladbach","en":"Mönchengladbach"},"url":"/tags/m%C3%B6nchengladbach"},"Niebüll":{"count":1,"posts":["/post/162/"],"sameAs":"Q21014","tagPath":"/tags/niebüll","termTitle":"Niebüll","translations":{"de":"Niebüll","en":"Niebüll"},"url":"/tags/nieb%C3%BCll"},"Northeim":{"count":4,"posts":["/post/77/","/post/58/","/post/132/","/post/107/"],"sameAs":"Q498575","termTitle":"Northeim","translations":{"de":"Northeim","en":"Northeim"},"url":"/tags/northeim"},"Offenburg":{"count":1,"posts":["/post/3/"],"sameAs":"Q4044","termTitle":"Offenburg","translations":{"de":"Offenburg","en":"Offenburg"},"url":"/tags/offenburg"},"Oldenburg":{"count":1,"posts":["/post/6/"],"sameAs":"Q2936","termTitle":"Oldenburg","translations":{"de":"Oldenburg","en":"Oldenburg"},"url":"/tags/oldenburg"},"Osnabrück":{"count":1,"posts":["/post/151/"],"sameAs":"Q2916","tagPath":"/tags/osnabrück","termTitle":"Osnabrück","translations":{"de":"Osnabrück","en":"Osnabrück"},"url":"/tags/osnabr%C3%BCck"},"Osterode":{"count":2,"posts":["/post/43/","/post/44/"],"sameAs":"Q327727","termTitle":"Osterode","translations":{"de":"Osterode","en":"Osterode"},"url":"/tags/osterode"},"Overmeyer":{"count":1,"posts":["/post/45/"],"sameAs":"","termTitle":"Overmeyer","translations":{"de":"Overmeyer","en":"Overmeyer"},"url":"/tags/overmeyer"},"Pelze":{"count":6,"posts":["/post/153/","/post/9/","/post/38/","/post/105/","/post/34/","/post/33/"],"sameAs":"Q2295938","termTitle":"Pelze / Kürschner","translations":{"de":"Pelze","en":"Pelze"},"url":"/tags/pelze"},"Pforzheim":{"count":1,"posts":["/post/37/"],"sameAs":"Q3046","termTitle":"Pforzheim","translations":{"de":"Pforzheim","en":"Pforzheim"},"url":"/tags/pforzheim"},"Reinigung":{"count":16,"posts":["/post/90/","/post/128/","/post/157/","/post/18/","/post/109/","/post/101/","/post/54/","/post/116/","/post/110/","/post/76/","/post/126/","/post/67/","/post/5/","/post/94/","/post/160/","/post/42/"],"sameAs":"Q42817497","termTitle":"Reinigung","translations":{"de":"Reinigung","en":"Reinigung"},"url":"/tags/reinigung"},"Repariert":{"count":1,"posts":["/post/152/"],"sameAs":"","termTitle":"Repariert","translations":{"de":"Repariert","en":"Repariert"},"url":"/tags/repariert"},"Rockbügel":{"count":3,"posts":["/post/41/","/post/7/","/post/136/"],"sameAs":"","tagPath":"/tags/rockbügel","termTitle":"Rockbügel","translations":{"de":"Rockbügel","en":"Rockbügel"},"url":"/tags/rockb%C3%BCgel"},"Rottach - Egern":{"count":1,"posts":["/post/70/"],"sameAs":"Q504255","termTitle":"Rottach-Egern","translations":{"de":"Rottach - Egern","en":"Rottach - Egern"},"url":"/tags/rottach-egern"},"Scherzartikel":{"count":3,"posts":["/post/80/","/post/148/","/post/16/"],"sameAs":"Q472134","termTitle":"Scherzartikel","translations":{"de":"Scherzartikel","en":"Scherzartikel"},"url":"/tags/scherzartikel"},"Schloss Holte":{"count":1,"posts":["/post/150/"],"sameAs":"Q225432","termTitle":"Schloß Holte-Stukenbrock","translations":{"de":"Schloss Holte","en":"Schloss Holte"},"url":"/tags/schloss-holte"},"Schneiderei":{"count":3,"posts":["/post/40/","/post/39/","/post/144/"],"sameAs":"Q47508085","termTitle":"Schneiderei","translations":{"de":"Schneiderei","en":"Schneiderei"},"url":"/tags/schneiderei"},"Schönlanke":{"count":1,"definitionMissing":true,"posts":["/post/92/"],"sameAs":"","tagPath":"/tags/schönlanke","termTitle":"Schönlanke","translations":{"de":"Schönlanke","en":"Schönlanke"},"url":"/tags/sch%C3%B6nlanke"},"Siegen":{"count":1,"posts":["/post/71/"],"sameAs":"Q3167","termTitle":"Siegen","translations":{"de":"Siegen","en":"Siegen"},"url":"/tags/siegen"},"Spiekeroog":{"count":1,"posts":["/post/86/"],"sameAs":"Q25130","termTitle":"Spiekeroog","translations":{"de":"Spiekeroog","en":"Spiekeroog"},"url":"/tags/spiekeroog"},"Staatliche Organisation":{"count":4,"posts":["/post/120/","/post/98/","/post/32/","/post/17/"],"sameAs":"Q2659904","termTitle":"Staatliche Organisation","translations":{"de":"Staatliche Organisation","en":"Staatliche Organisation"},"url":"/tags/staatliche-organisation"},"Steinheim":{"count":1,"posts":["/post/141/"],"sameAs":"Q202377","termTitle":"Steinheim","translations":{"de":"Steinheim","en":"Steinheim"},"url":"/tags/steinheim"},"Stuttgart":{"count":1,"posts":["/post/69/"],"sameAs":"Q1022","termTitle":"Stuttgart","translations":{"de":"Stuttgart","en":"Stuttgart"},"url":"/tags/stuttgart"},"Testorp":{"count":1,"posts":["/post/67/"],"sameAs":"","termTitle":"Testorp","translations":{"de":"Testorp","en":"Testorp"},"url":"/tags/testorp"},"Theater":{"count":1,"posts":["/post/75/"],"sameAs":"Q11812394","termTitle":"Theater","translations":{"de":"Theater","en":"Theater"},"url":"/tags/theater"},"Toronto":{"count":1,"posts":["/post/153/"],"sameAs":"Q172","termTitle":"Toronto","translations":{"de":"Toronto","en":"Toronto"},"url":"/tags/toronto"},"Trzcianka":{"count":1,"posts":["/post/92/"],"sameAs":"Q934785","termTitle":"Trzcianka / Schönlanke","translations":{"de":"Trzcianka","en":"Trzcianka"},"url":"/tags/trzcianka"},"Union":{"count":6,"posts":["/post/154/","/post/41/","/post/23/","/post/14/","/post/136/","/post/133/"],"sameAs":"Q66818922","termTitle":"Union","translations":{"de":"Union","en":"Union"},"url":"/tags/union"},"Uslar":{"count":1,"posts":["/post/91/"],"sameAs":"Q159814","termTitle":"Uslar","translations":{"de":"Uslar","en":"Uslar"},"url":"/tags/uslar"},"Versandhandel":{"count":1,"posts":["/post/37/"],"sameAs":"Q425779","termTitle":"Versandhandel","translations":{"de":"Versandhandel","en":"Versandhandel"},"url":"/tags/versandhandel"},"Verstellbar":{"count":3,"posts":["/post/41/","/post/55/","/post/136/"],"sameAs":"","termTitle":"Verstellbar","translations":{"de":"Verstellbar","en":"Verstellbar"},"url":"/tags/verstellbar"},"Warburg":{"count":2,"posts":["/post/50/","/post/93/"],"sameAs":"Q968","termTitle":"Warburg","translations":{"de":"Warburg","en":"Warburg"},"url":"/tags/warburg"},"Warenhaus":{"count":10,"posts":["/post/48/","/post/4/","/post/129/","/post/31/","/post/11/","/post/38/","/post/131/","/post/28/","/post/19/","/post/27/"],"sameAs":"Q216107","termTitle":"Warenhaus","translations":{"de":"Warenhaus","en":"Warenhaus"},"url":"/tags/warenhaus"},"Werbung":{"count":8,"posts":["/post/159/","/post/163/","/post/62/","/post/29/","/post/113/","/post/147/","/post/64/","/post/63/"],"sameAs":"Q37038","termTitle":"Werbung","translations":{"de":"Werbung","en":"Werbung"},"url":"/tags/werbung"},"Winningen":{"count":1,"posts":["/post/145/"],"sameAs":"Q822358","termTitle":"Winningen","translations":{"de":"Winningen","en":"Winningen"},"url":"/tags/winningen"},"Witzenhausen":{"count":2,"posts":["/post/152/","/post/117/"],"sameAs":"Q564827","termTitle":"Witzenhausen","translations":{"de":"Witzenhausen","en":"Witzenhausen"},"url":"/tags/witzenhausen"},"Wolfhagen":{"count":1,"posts":["/post/68/"],"sameAs":"Q539592","termTitle":"Wolfhagen","translations":{"de":"Wolfhagen","en":"Wolfhagen"},"url":"/tags/wolfhagen"}}